﻿pos_x,pos_y,rotation,side,designator,mpn,pack,value,mount_type,place
42.0,9.0,180.0,top,BT1,,BAT_246,246,tht,True
42.0,-58.0,180.0,top,BT10,,BAT_246,246,tht,True
42.0,-103.0,180.0,top,BT11,,BAT_246,246,tht,True
42.0,-148.0,180.0,top,BT12,,BAT_246,246,tht,True
172.0,-126.0,0.0,top,BT13,,BAT_246,246,tht,True
172.0,-103.0,0.0,top,BT14,,BAT_246,246,tht,True
172.0,-36.0,0.0,top,BT15,,BAT_246,246,tht,True
172.0,9.0,0.0,top,BT16,,BAT_246,246,tht,True
92.0,9.0,0.0,top,BT17,,BAT_246,246,tht,True
92.0,-58.0,0.0,top,BT18,,BAT_246,246,tht,True
92.0,-81.0,0.0,top,BT19,,BAT_246,246,tht,True
42.0,-36.0,180.0,top,BT2,,BAT_246,246,tht,True
92.0,-148.0,0.0,top,BT20,,BAT_246,246,tht,True
122.0,-148.0,180.0,top,BT21,,BAT_246,246,tht,True
122.0,-103.0,180.0,top,BT22,,BAT_246,246,tht,True
122.0,-58.0,180.0,top,BT23,,BAT_246,246,tht,True
122.0,9.0,180.0,top,BT24,,BAT_246,246,tht,True
92.0,-13.0,0.0,top,BT25,,BAT_246,246,tht,True
92.0,-36.0,0.0,top,BT26,,BAT_246,246,tht,True
92.0,-103.0,0.0,top,BT27,,BAT_246,246,tht,True
92.0,-126.0,0.0,top,BT28,,BAT_246,246,tht,True
122.0,-126.0,180.0,top,BT29,,BAT_246,246,tht,True
42.0,-81.0,180.0,top,BT3,,BAT_246,246,tht,True
122.0,-81.0,180.0,top,BT30,,BAT_246,246,tht,True
122.0,-36.0,180.0,top,BT31,,BAT_246,246,tht,True
122.0,-13.0,180.0,top,BT32,,BAT_246,246,tht,True
42.0,-126.0,180.0,top,BT4,,BAT_246,246,tht,True
172.0,-148.0,0.0,top,BT5,,BAT_246,246,tht,True
172.0,-81.0,0.0,top,BT6,,BAT_246,246,tht,True
172.0,-58.0,0.0,top,BT7,,BAT_246,246,tht,True
172.0,-13.0,0.0,top,BT8,,BAT_246,246,tht,True
42.0,-13.0,180.0,top,BT9,,BAT_246,246,tht,True
