﻿pos_x,pos_y,rotation,side,designator,mpn,pack,value,mount_type,place
136.955,-61.68,0.0,top,BT33,,BAT_246,246,tht,True
136.955,-83.8,0.0,top,BT34,,BAT_246,246,tht,True
87.525,-83.8,180.0,top,BT35,,BAT_246,246,tht,True
87.525,-61.68,180.0,top,BT36,,BAT_246,246,tht,True
87.525,-105.68,180.0,top,BT37,,BAT_246,246,tht,True
87.525,-127.68,180.0,top,BT38,,BAT_246,246,tht,True
136.955,-127.8,0.0,top,BT39,,BAT_246,246,tht,True
136.955,-105.68,0.0,top,BT40,,BAT_246,246,tht,True
160.75,-123.05,0.0,top,J1,,AMASS_XT90PW-M,XT90PW-M,tht,True
160.75,-65.15,180.0,top,J2,,AMASS_XT90PW-F,XT90PW-F,tht,True
155.0,-98.0,180.0,top,J3,,Molex_Mega-Fit_76829-0102_2x01_P5.70mm_Vertical,Conn_01x02_Socket,tht,True
